variant,budget,spec,score,passed,total
base,25000,drums_signature,7.39,4,12
base,25000,drums_pendulum,0,0,12
base,25000,drums_crescendo,0,0,12
base,25000,dense_sprint,341.78,11,12
base,25000,syncopated_switchback,468.73,12,12
base,25000,opening_burst,586.68,12,12
base,25000,grain_staircase,647.61,12,12
base,25000,rhythm_ladder,12.72,5,12
base,25000,cold_start,561.16,12,12
base,25000,mini_burst,612.6,12,12
base,25000,tiny_dance,533.31,12,12
base,25000,solo_run,0,0,12
base,25000,verse_chorus,326.68,11,12
base,25000,drums_swell,341.71,11,12
base,25000,drums_crosscut,624.28,12,12
base,25000,drums_tide,361.79,11,12
base,25000,drums_dropout,208.12,10,12
base,25000,drums_breath,586.08,12,12
base,25000,drums_pulse,627.56,12,12
base,25000,drums_zigzag,594.16,12,12
base,50000,drums_signature,625.19,12,12
base,50000,drums_pendulum,1.84,2,12
base,50000,drums_crescendo,7.08,4,12
base,50000,dense_sprint,601.17,12,12
base,50000,syncopated_switchback,590.64,12,12
base,50000,opening_burst,592.01,12,12
base,50000,grain_staircase,674.31,12,12
base,50000,rhythm_ladder,549.08,12,12
base,50000,cold_start,565.71,12,12
base,50000,mini_burst,625.28,12,12
base,50000,tiny_dance,543.12,12,12
base,50000,solo_run,24.88,6,12
base,50000,verse_chorus,673.85,12,12
base,50000,drums_swell,641.14,12,12
base,50000,drums_crosscut,668.66,12,12
base,50000,drums_tide,653.31,12,12
base,50000,drums_dropout,637.39,12,12
base,50000,drums_breath,633.21,12,12
base,50000,drums_pulse,672.61,12,12
base,50000,drums_zigzag,643.46,12,12
base,75000,drums_signature,641.34,12,12
base,75000,drums_pendulum,303.46,11,12
base,75000,drums_crescendo,40.75,7,12
base,75000,dense_sprint,646.26,12,12
base,75000,syncopated_switchback,639.14,12,12
base,75000,opening_burst,641.47,12,12
base,75000,grain_staircase,743.42,12,12
base,75000,rhythm_ladder,599.55,12,12
base,75000,cold_start,601.5,12,12
base,75000,mini_burst,657.79,12,12
base,75000,tiny_dance,551.67,12,12
base,75000,solo_run,228.61,10,12
base,75000,verse_chorus,731.67,12,12
base,75000,drums_swell,687.59,12,12
base,75000,drums_crosscut,736.41,12,12
base,75000,drums_tide,716.49,12,12
base,75000,drums_dropout,700.9,12,12
base,75000,drums_breath,704.05,12,12
base,75000,drums_pulse,726.57,12,12
base,75000,drums_zigzag,702.85,12,12
base,100000,drums_signature,673.84,12,12
base,100000,drums_pendulum,320.12,11,12
base,100000,drums_crescendo,120.85,9,12
base,100000,dense_sprint,656.49,12,12
base,100000,syncopated_switchback,613.48,12,12
base,100000,opening_burst,633.2,12,12
base,100000,grain_staircase,738.4,12,12
base,100000,rhythm_ladder,605.67,12,12
base,100000,cold_start,604.05,12,12
base,100000,mini_burst,654.82,12,12
base,100000,tiny_dance,552.6,12,12
base,100000,solo_run,698.72,12,12
base,100000,verse_chorus,736.45,12,12
base,100000,drums_swell,698.05,12,12
base,100000,drums_crosscut,739.45,12,12
base,100000,drums_tide,726.52,12,12
base,100000,drums_dropout,697.63,12,12
base,100000,drums_breath,714.59,12,12
base,100000,drums_pulse,729.49,12,12
base,100000,drums_zigzag,718.86,12,12
base,125000,drums_signature,678,12,12
base,125000,drums_pendulum,536.86,12,12
base,125000,drums_crescendo,359.02,11,12
base,125000,dense_sprint,656.42,12,12
base,125000,syncopated_switchback,615.05,12,12
base,125000,opening_burst,633.99,12,12
base,125000,grain_staircase,739.38,12,12
base,125000,rhythm_ladder,614.83,12,12
base,125000,cold_start,603.59,12,12
base,125000,mini_burst,655.04,12,12
base,125000,tiny_dance,557.39,12,12
base,125000,solo_run,702.42,12,12
base,125000,verse_chorus,740.95,12,12
base,125000,drums_swell,702.54,12,12
base,125000,drums_crosscut,739.63,12,12
base,125000,drums_tide,725.02,12,12
base,125000,drums_dropout,707.24,12,12
base,125000,drums_breath,718.33,12,12
base,125000,drums_pulse,730.2,12,12
base,125000,drums_zigzag,719.86,12,12
base,150000,drums_signature,685.11,12,12
base,150000,drums_pendulum,542.63,12,12
base,150000,drums_crescendo,361.25,11,12
base,150000,dense_sprint,664.91,12,12
base,150000,syncopated_switchback,635.81,12,12
base,150000,opening_burst,648.91,12,12
base,150000,grain_staircase,747.65,12,12
base,150000,rhythm_ladder,624.36,12,12
base,150000,cold_start,611.83,12,12
base,150000,mini_burst,664.82,12,12
base,150000,tiny_dance,564.89,12,12
base,150000,solo_run,711.25,12,12
base,150000,verse_chorus,744.36,12,12
base,150000,drums_swell,706.51,12,12
base,150000,drums_crosscut,742.01,12,12
base,150000,drums_tide,728.69,12,12
base,150000,drums_dropout,709.62,12,12
base,150000,drums_breath,720.53,12,12
base,150000,drums_pulse,733.83,12,12
base,150000,drums_zigzag,719.97,12,12
base,175000,drums_signature,692.47,12,12
base,175000,drums_pendulum,541.85,12,12
base,175000,drums_crescendo,363.96,11,12
base,175000,dense_sprint,669.5,12,12
base,175000,syncopated_switchback,643.8,12,12
base,175000,opening_burst,649.53,12,12
base,175000,grain_staircase,754.32,12,12
base,175000,rhythm_ladder,624.27,12,12
base,175000,cold_start,612.6,12,12
base,175000,mini_burst,667.84,12,12
base,175000,tiny_dance,567.58,12,12
base,175000,solo_run,710.27,12,12
base,175000,verse_chorus,743.6,12,12
base,175000,drums_swell,705,12,12
base,175000,drums_crosscut,744.17,12,12
base,175000,drums_tide,733.48,12,12
base,175000,drums_dropout,712.16,12,12
base,175000,drums_breath,721.24,12,12
base,175000,drums_pulse,736.34,12,12
base,175000,drums_zigzag,722.76,12,12
base,200000,drums_signature,696.85,12,12
base,200000,drums_pendulum,543.37,12,12
base,200000,drums_crescendo,368.46,11,12
base,200000,dense_sprint,674.94,12,12
base,200000,syncopated_switchback,644.75,12,12
base,200000,opening_burst,656.25,12,12
base,200000,grain_staircase,750.39,12,12
base,200000,rhythm_ladder,625.17,12,12
base,200000,cold_start,612.46,12,12
base,200000,mini_burst,669.13,12,12
base,200000,tiny_dance,567.81,12,12
base,200000,solo_run,711.9,12,12
base,200000,verse_chorus,745.32,12,12
base,200000,drums_swell,707.82,12,12
base,200000,drums_crosscut,746.11,12,12
base,200000,drums_tide,734.32,12,12
base,200000,drums_dropout,714.01,12,12
base,200000,drums_breath,723.96,12,12
base,200000,drums_pulse,736.75,12,12
base,200000,drums_zigzag,726.36,12,12
base,225000,drums_signature,697.16,12,12
base,225000,drums_pendulum,550.63,12,12
base,225000,drums_crescendo,630.1,12,12
base,225000,dense_sprint,678.37,12,12
base,225000,syncopated_switchback,649.4,12,12
base,225000,opening_burst,657.08,12,12
base,225000,grain_staircase,755.97,12,12
base,225000,rhythm_ladder,627.03,12,12
base,225000,cold_start,615.96,12,12
base,225000,mini_burst,670.03,12,12
base,225000,tiny_dance,568.49,12,12
base,225000,solo_run,719.86,12,12
base,225000,verse_chorus,746.56,12,12
base,225000,drums_swell,707.98,12,12
base,225000,drums_crosscut,745.98,12,12
base,225000,drums_tide,735.2,12,12
base,225000,drums_dropout,713.58,12,12
base,225000,drums_breath,725.48,12,12
base,225000,drums_pulse,737.5,12,12
base,225000,drums_zigzag,728.32,12,12
base,250000,drums_signature,702.19,12,12
base,250000,drums_pendulum,552.98,12,12
base,250000,drums_crescendo,630.87,12,12
base,250000,dense_sprint,678.18,12,12
base,250000,syncopated_switchback,648.96,12,12
base,250000,opening_burst,659.59,12,12
base,250000,grain_staircase,757.83,12,12
base,250000,rhythm_ladder,631.24,12,12
base,250000,cold_start,614.84,12,12
base,250000,mini_burst,670.97,12,12
base,250000,tiny_dance,568.49,12,12
base,250000,solo_run,719.98,12,12
base,250000,verse_chorus,747.84,12,12
base,250000,drums_swell,709.54,12,12
base,250000,drums_crosscut,746.24,12,12
base,250000,drums_tide,736.79,12,12
base,250000,drums_dropout,714.45,12,12
base,250000,drums_breath,726,12,12
base,250000,drums_pulse,738.93,12,12
base,250000,drums_zigzag,727.76,12,12
base,275000,drums_signature,704.33,12,12
base,275000,drums_pendulum,558.15,12,12
base,275000,drums_crescendo,629.01,12,12
base,275000,dense_sprint,683.46,12,12
base,275000,syncopated_switchback,652.53,12,12
base,275000,opening_burst,662.07,12,12
base,275000,grain_staircase,759.44,12,12
base,275000,rhythm_ladder,631.56,12,12
base,275000,cold_start,617.48,12,12
base,275000,mini_burst,671.11,12,12
base,275000,tiny_dance,568.95,12,12
base,275000,solo_run,719.78,12,12
base,275000,verse_chorus,747.2,12,12
base,275000,drums_swell,712.11,12,12
base,275000,drums_crosscut,747.25,12,12
base,275000,drums_tide,736.29,12,12
base,275000,drums_dropout,714.78,12,12
base,275000,drums_breath,727.85,12,12
base,275000,drums_pulse,738.12,12,12
base,275000,drums_zigzag,727.57,12,12
base,300000,drums_signature,704.39,12,12
base,300000,drums_pendulum,557.38,12,12
base,300000,drums_crescendo,631.25,12,12
base,300000,dense_sprint,683.2,12,12
base,300000,syncopated_switchback,651.68,12,12
base,300000,opening_burst,664.32,12,12
base,300000,grain_staircase,761.09,12,12
base,300000,rhythm_ladder,630.62,12,12
base,300000,cold_start,617.25,12,12
base,300000,mini_burst,671.99,12,12
base,300000,tiny_dance,568.98,12,12
base,300000,solo_run,719.74,12,12
base,300000,verse_chorus,747.87,12,12
base,300000,drums_swell,712.26,12,12
base,300000,drums_crosscut,746.42,12,12
base,300000,drums_tide,736.25,12,12
base,300000,drums_dropout,716.39,12,12
base,300000,drums_breath,730.56,12,12
base,300000,drums_pulse,737.5,12,12
base,300000,drums_zigzag,729.02,12,12
base,325000,drums_signature,704.61,12,12
base,325000,drums_pendulum,557.84,12,12
base,325000,drums_crescendo,633.08,12,12
base,325000,dense_sprint,684.37,12,12
base,325000,syncopated_switchback,652.3,12,12
base,325000,opening_burst,665.62,12,12
base,325000,grain_staircase,760.94,12,12
base,325000,rhythm_ladder,632.18,12,12
base,325000,cold_start,617.21,12,12
base,325000,mini_burst,673.2,12,12
base,325000,tiny_dance,569,12,12
base,325000,solo_run,724.54,12,12
base,325000,verse_chorus,749.31,12,12
base,325000,drums_swell,714.41,12,12
base,325000,drums_crosscut,747.2,12,12
base,325000,drums_tide,737.01,12,12
base,325000,drums_dropout,715.59,12,12
base,325000,drums_breath,732.04,12,12
base,325000,drums_pulse,737.8,12,12
base,325000,drums_zigzag,729.82,12,12
base,350000,drums_signature,705.71,12,12
base,350000,drums_pendulum,557.22,12,12
base,350000,drums_crescendo,636.51,12,12
base,350000,dense_sprint,684.49,12,12
base,350000,syncopated_switchback,650.97,12,12
base,350000,opening_burst,666.65,12,12
base,350000,grain_staircase,762.68,12,12
base,350000,rhythm_ladder,633.74,12,12
base,350000,cold_start,619.48,12,12
base,350000,mini_burst,673.7,12,12
base,350000,tiny_dance,569,12,12
base,350000,solo_run,725.41,12,12
base,350000,verse_chorus,748.74,12,12
base,350000,drums_swell,713.21,12,12
base,350000,drums_crosscut,745.88,12,12
base,350000,drums_tide,738.49,12,12
base,350000,drums_dropout,716.02,12,12
base,350000,drums_breath,731.5,12,12
base,350000,drums_pulse,738.65,12,12
base,350000,drums_zigzag,730.48,12,12
base,375000,drums_signature,705.51,12,12
base,375000,drums_pendulum,559.64,12,12
base,375000,drums_crescendo,635.53,12,12
base,375000,dense_sprint,684.83,12,12
base,375000,syncopated_switchback,653.99,12,12
base,375000,opening_burst,664.95,12,12
base,375000,grain_staircase,763.2,12,12
base,375000,rhythm_ladder,633.62,12,12
base,375000,cold_start,619.45,12,12
base,375000,mini_burst,674.28,12,12
base,375000,tiny_dance,569,12,12
base,375000,solo_run,727.85,12,12
base,375000,verse_chorus,749.41,12,12
base,375000,drums_swell,713.9,12,12
base,375000,drums_crosscut,746.43,12,12
base,375000,drums_tide,739.73,12,12
base,375000,drums_dropout,717.22,12,12
base,375000,drums_breath,731.26,12,12
base,375000,drums_pulse,739.95,12,12
base,375000,drums_zigzag,732.44,12,12
base,400000,drums_signature,706.77,12,12
base,400000,drums_pendulum,560.04,12,12
base,400000,drums_crescendo,636.05,12,12
base,400000,dense_sprint,685.2,12,12
base,400000,syncopated_switchback,655.83,12,12
base,400000,opening_burst,664.58,12,12
base,400000,grain_staircase,763.93,12,12
base,400000,rhythm_ladder,634.9,12,12
base,400000,cold_start,619.78,12,12
base,400000,mini_burst,674.88,12,12
base,400000,tiny_dance,569,12,12
base,400000,solo_run,728.15,12,12
base,400000,verse_chorus,749.64,12,12
base,400000,drums_swell,714.57,12,12
base,400000,drums_crosscut,748.02,12,12
base,400000,drums_tide,739.87,12,12
base,400000,drums_dropout,718.11,12,12
base,400000,drums_breath,731.39,12,12
base,400000,drums_pulse,745.66,12,12
base,400000,drums_zigzag,733.63,12,12
base,425000,drums_signature,707.82,12,12
base,425000,drums_pendulum,560.38,12,12
base,425000,drums_crescendo,635.99,12,12
base,425000,dense_sprint,685.97,12,12
base,425000,syncopated_switchback,657.02,12,12
base,425000,opening_burst,665,12,12
base,425000,grain_staircase,763.79,12,12
base,425000,rhythm_ladder,635.39,12,12
base,425000,cold_start,619.85,12,12
base,425000,mini_burst,675.71,12,12
base,425000,tiny_dance,569,12,12
base,425000,solo_run,727.59,12,12
base,425000,verse_chorus,749.84,12,12
base,425000,drums_swell,714.19,12,12
base,425000,drums_crosscut,747.43,12,12
base,425000,drums_tide,741.2,12,12
base,425000,drums_dropout,718.64,12,12
base,425000,drums_breath,732.11,12,12
base,425000,drums_pulse,746.18,12,12
base,425000,drums_zigzag,735.03,12,12
base,450000,drums_signature,708.9,12,12
base,450000,drums_pendulum,560.85,12,12
base,450000,drums_crescendo,637.6,12,12
base,450000,dense_sprint,685.88,12,12
base,450000,syncopated_switchback,657.55,12,12
base,450000,opening_burst,665.49,12,12
base,450000,grain_staircase,763.76,12,12
base,450000,rhythm_ladder,636.15,12,12
base,450000,cold_start,620,12,12
base,450000,mini_burst,675.75,12,12
base,450000,tiny_dance,569,12,12
base,450000,solo_run,730.07,12,12
base,450000,verse_chorus,749.69,12,12
base,450000,drums_swell,715.85,12,12
base,450000,drums_crosscut,747.63,12,12
base,450000,drums_tide,741.51,12,12
base,450000,drums_dropout,719.04,12,12
base,450000,drums_breath,731.53,12,12
base,450000,drums_pulse,746.36,12,12
base,450000,drums_zigzag,734.71,12,12
base,475000,drums_signature,709.36,12,12
base,475000,drums_pendulum,560.52,12,12
base,475000,drums_crescendo,636.91,12,12
base,475000,dense_sprint,688.16,12,12
base,475000,syncopated_switchback,657.75,12,12
base,475000,opening_burst,666.7,12,12
base,475000,grain_staircase,764.11,12,12
base,475000,rhythm_ladder,635.94,12,12
base,475000,cold_start,620.07,12,12
base,475000,mini_burst,676.64,12,12
base,475000,tiny_dance,569,12,12
base,475000,solo_run,730.57,12,12
base,475000,verse_chorus,751.01,12,12
base,475000,drums_swell,715.47,12,12
base,475000,drums_crosscut,747.8,12,12
base,475000,drums_tide,740.93,12,12
base,475000,drums_dropout,721.03,12,12
base,475000,drums_breath,732.43,12,12
base,475000,drums_pulse,746.48,12,12
base,475000,drums_zigzag,734.01,12,12
base,500000,drums_signature,710.4,12,12
base,500000,drums_pendulum,561.21,12,12
base,500000,drums_crescendo,637.83,12,12
base,500000,dense_sprint,687.54,12,12
base,500000,syncopated_switchback,659.82,12,12
base,500000,opening_burst,666.53,12,12
base,500000,grain_staircase,764.56,12,12
base,500000,rhythm_ladder,635.41,12,12
base,500000,cold_start,619.88,12,12
base,500000,mini_burst,676.79,12,12
base,500000,tiny_dance,569,12,12
base,500000,solo_run,730.63,12,12
base,500000,verse_chorus,751.46,12,12
base,500000,drums_swell,715.55,12,12
base,500000,drums_crosscut,748.96,12,12
base,500000,drums_tide,740.96,12,12
base,500000,drums_dropout,721.45,12,12
base,500000,drums_breath,732.7,12,12
base,500000,drums_pulse,746.85,12,12
base,500000,drums_zigzag,734.45,12,12
backjump,25000,drums_signature,3.94,3,12
backjump,25000,drums_pendulum,0,0,12
backjump,25000,drums_crescendo,0,0,12
backjump,25000,dense_sprint,197.74,10,12
backjump,25000,syncopated_switchback,468.73,12,12
backjump,25000,opening_burst,585.97,12,12
backjump,25000,grain_staircase,646.44,12,12
backjump,25000,rhythm_ladder,7.12,4,12
backjump,25000,cold_start,561.16,12,12
backjump,25000,mini_burst,611.41,12,12
backjump,25000,tiny_dance,532.16,12,12
backjump,25000,solo_run,0,0,12
backjump,25000,verse_chorus,326.68,11,12
backjump,25000,drums_swell,343.87,11,12
backjump,25000,drums_crosscut,625.3,12,12
backjump,25000,drums_tide,616.31,12,12
backjump,25000,drums_dropout,207.87,10,12
backjump,25000,drums_breath,590.59,12,12
backjump,25000,drums_pulse,628.15,12,12
backjump,25000,drums_zigzag,597.97,12,12
backjump,50000,drums_signature,216.87,10,12
backjump,50000,drums_pendulum,1.84,2,12
backjump,50000,drums_crescendo,12.51,5,12
backjump,50000,dense_sprint,607.14,12,12
backjump,50000,syncopated_switchback,586.44,12,12
backjump,50000,opening_burst,601.55,12,12
backjump,50000,grain_staircase,666.01,12,12
backjump,50000,rhythm_ladder,325.82,11,12
backjump,50000,cold_start,571.16,12,12
backjump,50000,mini_burst,623.42,12,12
backjump,50000,tiny_dance,542.92,12,12
backjump,50000,solo_run,70.56,7,12
backjump,50000,verse_chorus,673.03,12,12
backjump,50000,drums_swell,638.35,12,12
backjump,50000,drums_crosscut,666.83,12,12
backjump,50000,drums_tide,650.86,12,12
backjump,50000,drums_dropout,639.08,12,12
backjump,50000,drums_breath,642.41,12,12
backjump,50000,drums_pulse,674.67,12,12
backjump,50000,drums_zigzag,646.57,12,12
backjump,75000,drums_signature,671.9,12,12
backjump,75000,drums_pendulum,109.17,9,12
backjump,75000,drums_crescendo,13.62,5,12
backjump,75000,dense_sprint,650.5,12,12
backjump,75000,syncopated_switchback,639.14,12,12
backjump,75000,opening_burst,638.38,12,12
backjump,75000,grain_staircase,743.42,12,12
backjump,75000,rhythm_ladder,601.89,12,12
backjump,75000,cold_start,601.5,12,12
backjump,75000,mini_burst,657.79,12,12
backjump,75000,tiny_dance,551.67,12,12
backjump,75000,solo_run,231.23,10,12
backjump,75000,verse_chorus,731.67,12,12
backjump,75000,drums_swell,687.65,12,12
backjump,75000,drums_crosscut,740.65,12,12
backjump,75000,drums_tide,716.49,12,12
backjump,75000,drums_dropout,699.03,12,12
backjump,75000,drums_breath,711.41,12,12
backjump,75000,drums_pulse,726.57,12,12
backjump,75000,drums_zigzag,702.85,12,12
backjump,100000,drums_signature,685.63,12,12
backjump,100000,drums_pendulum,322.16,11,12
backjump,100000,drums_crescendo,207.34,10,12
backjump,100000,dense_sprint,658.05,12,12
backjump,100000,syncopated_switchback,616.77,12,12
backjump,100000,opening_burst,631.4,12,12
backjump,100000,grain_staircase,738.11,12,12
backjump,100000,rhythm_ladder,606.65,12,12
backjump,100000,cold_start,604.05,12,12
backjump,100000,mini_burst,654.82,12,12
backjump,100000,tiny_dance,552.6,12,12
backjump,100000,solo_run,704.71,12,12
backjump,100000,verse_chorus,736.45,12,12
backjump,100000,drums_swell,691.02,12,12
backjump,100000,drums_crosscut,739.45,12,12
backjump,100000,drums_tide,726.52,12,12
backjump,100000,drums_dropout,697.74,12,12
backjump,100000,drums_breath,717.33,12,12
backjump,100000,drums_pulse,726.7,12,12
backjump,100000,drums_zigzag,718.86,12,12
backjump,125000,drums_signature,684.43,12,12
backjump,125000,drums_pendulum,543.34,12,12
backjump,125000,drums_crescendo,362.45,11,12
backjump,125000,dense_sprint,657.46,12,12
backjump,125000,syncopated_switchback,617.79,12,12
backjump,125000,opening_burst,633.27,12,12
backjump,125000,grain_staircase,738.68,12,12
backjump,125000,rhythm_ladder,617.17,12,12
backjump,125000,cold_start,603.59,12,12
backjump,125000,mini_burst,655.04,12,12
backjump,125000,tiny_dance,557.39,12,12
backjump,125000,solo_run,708.75,12,12
backjump,125000,verse_chorus,740.95,12,12
backjump,125000,drums_swell,698.06,12,12
backjump,125000,drums_crosscut,739.63,12,12
backjump,125000,drums_tide,725.02,12,12
backjump,125000,drums_dropout,707.24,12,12
backjump,125000,drums_breath,719.67,12,12
backjump,125000,drums_pulse,727.25,12,12
backjump,125000,drums_zigzag,719.86,12,12
backjump,150000,drums_signature,689.78,12,12
backjump,150000,drums_pendulum,546.86,12,12
backjump,150000,drums_crescendo,364.48,11,12
backjump,150000,dense_sprint,670.58,12,12
backjump,150000,syncopated_switchback,636.4,12,12
backjump,150000,opening_burst,647.57,12,12
backjump,150000,grain_staircase,748.07,12,12
backjump,150000,rhythm_ladder,626.08,12,12
backjump,150000,cold_start,611.83,12,12
backjump,150000,mini_burst,664.82,12,12
backjump,150000,tiny_dance,564.89,12,12
backjump,150000,solo_run,716.42,12,12
backjump,150000,verse_chorus,744.36,12,12
backjump,150000,drums_swell,702.02,12,12
backjump,150000,drums_crosscut,742.01,12,12
backjump,150000,drums_tide,728.6,12,12
backjump,150000,drums_dropout,709.62,12,12
backjump,150000,drums_breath,720.62,12,12
backjump,150000,drums_pulse,730.22,12,12
backjump,150000,drums_zigzag,719.97,12,12
backjump,175000,drums_signature,692.18,12,12
backjump,175000,drums_pendulum,546.04,12,12
backjump,175000,drums_crescendo,364.56,11,12
backjump,175000,dense_sprint,677.15,12,12
backjump,175000,syncopated_switchback,644.19,12,12
backjump,175000,opening_burst,648.73,12,12
backjump,175000,grain_staircase,754.91,12,12
backjump,175000,rhythm_ladder,621.8,12,12
backjump,175000,cold_start,612.6,12,12
backjump,175000,mini_burst,667.84,12,12
backjump,175000,tiny_dance,567.58,12,12
backjump,175000,solo_run,717.28,12,12
backjump,175000,verse_chorus,743.6,12,12
backjump,175000,drums_swell,701.5,12,12
backjump,175000,drums_crosscut,744.17,12,12
backjump,175000,drums_tide,733.48,12,12
backjump,175000,drums_dropout,712.16,12,12
backjump,175000,drums_breath,720.01,12,12
backjump,175000,drums_pulse,732.85,12,12
backjump,175000,drums_zigzag,722.76,12,12
backjump,200000,drums_signature,695.18,12,12
backjump,200000,drums_pendulum,550.96,12,12
backjump,200000,drums_crescendo,630.79,12,12
backjump,200000,dense_sprint,685.51,12,12
backjump,200000,syncopated_switchback,645.13,12,12
backjump,200000,opening_burst,655.24,12,12
backjump,200000,grain_staircase,749.58,12,12
backjump,200000,rhythm_ladder,625.13,12,12
backjump,200000,cold_start,612.46,12,12
backjump,200000,mini_burst,669.13,12,12
backjump,200000,tiny_dance,567.81,12,12
backjump,200000,solo_run,719.33,12,12
backjump,200000,verse_chorus,745.32,12,12
backjump,200000,drums_swell,707.82,12,12
backjump,200000,drums_crosscut,746.11,12,12
backjump,200000,drums_tide,734.45,12,12
backjump,200000,drums_dropout,714.06,12,12
backjump,200000,drums_breath,723.01,12,12
backjump,200000,drums_pulse,733.28,12,12
backjump,200000,drums_zigzag,726.63,12,12
backjump,225000,drums_signature,700.33,12,12
backjump,225000,drums_pendulum,555.17,12,12
backjump,225000,drums_crescendo,631.89,12,12
backjump,225000,dense_sprint,685.47,12,12
backjump,225000,syncopated_switchback,648.95,12,12
backjump,225000,opening_burst,655.82,12,12
backjump,225000,grain_staircase,756.06,12,12
backjump,225000,rhythm_ladder,629.09,12,12
backjump,225000,cold_start,615.96,12,12
backjump,225000,mini_burst,670.03,12,12
backjump,225000,tiny_dance,568.49,12,12
backjump,225000,solo_run,717.83,12,12
backjump,225000,verse_chorus,746.56,12,12
backjump,225000,drums_swell,707.99,12,12
backjump,225000,drums_crosscut,745.98,12,12
backjump,225000,drums_tide,735.33,12,12
backjump,225000,drums_dropout,712.74,12,12
backjump,225000,drums_breath,724.54,12,12
backjump,225000,drums_pulse,734.16,12,12
backjump,225000,drums_zigzag,728.32,12,12
backjump,250000,drums_signature,699.96,12,12
backjump,250000,drums_pendulum,555.96,12,12
backjump,250000,drums_crescendo,634.82,12,12
backjump,250000,dense_sprint,685.75,12,12
backjump,250000,syncopated_switchback,648.64,12,12
backjump,250000,opening_burst,659.65,12,12
backjump,250000,grain_staircase,756.84,12,12
backjump,250000,rhythm_ladder,631.4,12,12
backjump,250000,cold_start,614.84,12,12
backjump,250000,mini_burst,670.97,12,12
backjump,250000,tiny_dance,568.49,12,12
backjump,250000,solo_run,719.43,12,12
backjump,250000,verse_chorus,747.84,12,12
backjump,250000,drums_swell,709.59,12,12
backjump,250000,drums_crosscut,746.24,12,12
backjump,250000,drums_tide,736.88,12,12
backjump,250000,drums_dropout,714.46,12,12
backjump,250000,drums_breath,725.72,12,12
backjump,250000,drums_pulse,735.57,12,12
backjump,250000,drums_zigzag,727.76,12,12
backjump,275000,drums_signature,699.93,12,12
backjump,275000,drums_pendulum,559.8,12,12
backjump,275000,drums_crescendo,634.31,12,12
backjump,275000,dense_sprint,690.09,12,12
backjump,275000,syncopated_switchback,652.03,12,12
backjump,275000,opening_burst,661.86,12,12
backjump,275000,grain_staircase,759.47,12,12
backjump,275000,rhythm_ladder,630.87,12,12
backjump,275000,cold_start,617.48,12,12
backjump,275000,mini_burst,671.11,12,12
backjump,275000,tiny_dance,568.95,12,12
backjump,275000,solo_run,722.18,12,12
backjump,275000,verse_chorus,747.2,12,12
backjump,275000,drums_swell,712.04,12,12
backjump,275000,drums_crosscut,747.25,12,12
backjump,275000,drums_tide,736.32,12,12
backjump,275000,drums_dropout,714.79,12,12
backjump,275000,drums_breath,727.8,12,12
backjump,275000,drums_pulse,734.62,12,12
backjump,275000,drums_zigzag,727.57,12,12
backjump,300000,drums_signature,701.48,12,12
backjump,300000,drums_pendulum,560.33,12,12
backjump,300000,drums_crescendo,634.26,12,12
backjump,300000,dense_sprint,691.2,12,12
backjump,300000,syncopated_switchback,652.18,12,12
backjump,300000,opening_burst,664.33,12,12
backjump,300000,grain_staircase,761.09,12,12
backjump,300000,rhythm_ladder,635.59,12,12
backjump,300000,cold_start,617.25,12,12
backjump,300000,mini_burst,671.99,12,12
backjump,300000,tiny_dance,568.98,12,12
backjump,300000,solo_run,722.66,12,12
backjump,300000,verse_chorus,747.87,12,12
backjump,300000,drums_swell,712.29,12,12
backjump,300000,drums_crosscut,746.42,12,12
backjump,300000,drums_tide,736.34,12,12
backjump,300000,drums_dropout,716.39,12,12
backjump,300000,drums_breath,730.41,12,12
backjump,300000,drums_pulse,734.14,12,12
backjump,300000,drums_zigzag,729.11,12,12
backjump,325000,drums_signature,700.87,12,12
backjump,325000,drums_pendulum,562.49,12,12
backjump,325000,drums_crescendo,637.89,12,12
backjump,325000,dense_sprint,691.47,12,12
backjump,325000,syncopated_switchback,651.98,12,12
backjump,325000,opening_burst,663.4,12,12
backjump,325000,grain_staircase,760.89,12,12
backjump,325000,rhythm_ladder,635.95,12,12
backjump,325000,cold_start,617.21,12,12
backjump,325000,mini_burst,673.2,12,12
backjump,325000,tiny_dance,569,12,12
backjump,325000,solo_run,728.18,12,12
backjump,325000,verse_chorus,749.31,12,12
backjump,325000,drums_swell,714.57,12,12
backjump,325000,drums_crosscut,747.2,12,12
backjump,325000,drums_tide,736.96,12,12
backjump,325000,drums_dropout,715.46,12,12
backjump,325000,drums_breath,731.99,12,12
backjump,325000,drums_pulse,734.76,12,12
backjump,325000,drums_zigzag,729.82,12,12
backjump,350000,drums_signature,702.38,12,12
backjump,350000,drums_pendulum,563.32,12,12
backjump,350000,drums_crescendo,638.16,12,12
backjump,350000,dense_sprint,690.67,12,12
backjump,350000,syncopated_switchback,650.69,12,12
backjump,350000,opening_burst,664.84,12,12
backjump,350000,grain_staircase,762.29,12,12
backjump,350000,rhythm_ladder,636.84,12,12
backjump,350000,cold_start,619.48,12,12
backjump,350000,mini_burst,673.7,12,12
backjump,350000,tiny_dance,569,12,12
backjump,350000,solo_run,729.79,12,12
backjump,350000,verse_chorus,748.74,12,12
backjump,350000,drums_swell,714.99,12,12
backjump,350000,drums_crosscut,745.88,12,12
backjump,350000,drums_tide,738.46,12,12
backjump,350000,drums_dropout,715.96,12,12
backjump,350000,drums_breath,731.25,12,12
backjump,350000,drums_pulse,735.03,12,12
backjump,350000,drums_zigzag,730.5,12,12
backjump,375000,drums_signature,702.72,12,12
backjump,375000,drums_pendulum,562.79,12,12
backjump,375000,drums_crescendo,638.01,12,12
backjump,375000,dense_sprint,692.26,12,12
backjump,375000,syncopated_switchback,654.6,12,12
backjump,375000,opening_burst,664.13,12,12
backjump,375000,grain_staircase,762.76,12,12
backjump,375000,rhythm_ladder,637.68,12,12
backjump,375000,cold_start,619.45,12,12
backjump,375000,mini_burst,674.28,12,12
backjump,375000,tiny_dance,569,12,12
backjump,375000,solo_run,726.78,12,12
backjump,375000,verse_chorus,749.41,12,12
backjump,375000,drums_swell,715.8,12,12
backjump,375000,drums_crosscut,746.43,12,12
backjump,375000,drums_tide,739.87,12,12
backjump,375000,drums_dropout,717.16,12,12
backjump,375000,drums_breath,731.68,12,12
backjump,375000,drums_pulse,736.19,12,12
backjump,375000,drums_zigzag,732.44,12,12
backjump,400000,drums_signature,703.92,12,12
backjump,400000,drums_pendulum,563.4,12,12
backjump,400000,drums_crescendo,639,12,12
backjump,400000,dense_sprint,691.43,12,12
backjump,400000,syncopated_switchback,656.26,12,12
backjump,400000,opening_burst,666.1,12,12
backjump,400000,grain_staircase,763.93,12,12
backjump,400000,rhythm_ladder,638.83,12,12
backjump,400000,cold_start,619.78,12,12
backjump,400000,mini_burst,674.88,12,12
backjump,400000,tiny_dance,569,12,12
backjump,400000,solo_run,729.16,12,12
backjump,400000,verse_chorus,749.64,12,12
backjump,400000,drums_swell,715.14,12,12
backjump,400000,drums_crosscut,748.02,12,12
backjump,400000,drums_tide,739.7,12,12
backjump,400000,drums_dropout,718.04,12,12
backjump,400000,drums_breath,731.22,12,12
backjump,400000,drums_pulse,737.4,12,12
backjump,400000,drums_zigzag,733.63,12,12
backjump,425000,drums_signature,704.26,12,12
backjump,425000,drums_pendulum,564.93,12,12
backjump,425000,drums_crescendo,638.96,12,12
backjump,425000,dense_sprint,693.51,12,12
backjump,425000,syncopated_switchback,657.09,12,12
backjump,425000,opening_burst,664.88,12,12
backjump,425000,grain_staircase,763.82,12,12
backjump,425000,rhythm_ladder,639.17,12,12
backjump,425000,cold_start,619.85,12,12
backjump,425000,mini_burst,675.71,12,12
backjump,425000,tiny_dance,569,12,12
backjump,425000,solo_run,728.3,12,12
backjump,425000,verse_chorus,749.84,12,12
backjump,425000,drums_swell,714.17,12,12
backjump,425000,drums_crosscut,747.43,12,12
backjump,425000,drums_tide,741.19,12,12
backjump,425000,drums_dropout,718.58,12,12
backjump,425000,drums_breath,731.97,12,12
backjump,425000,drums_pulse,737.96,12,12
backjump,425000,drums_zigzag,735.03,12,12
backjump,450000,drums_signature,707.57,12,12
backjump,450000,drums_pendulum,565.82,12,12
backjump,450000,drums_crescendo,638.98,12,12
backjump,450000,dense_sprint,692.97,12,12
backjump,450000,syncopated_switchback,658,12,12
backjump,450000,opening_burst,666.23,12,12
backjump,450000,grain_staircase,763.56,12,12
backjump,450000,rhythm_ladder,639.81,12,12
backjump,450000,cold_start,620,12,12
backjump,450000,mini_burst,675.75,12,12
backjump,450000,tiny_dance,569,12,12
backjump,450000,solo_run,729.88,12,12
backjump,450000,verse_chorus,749.69,12,12
backjump,450000,drums_swell,715.8,12,12
backjump,450000,drums_crosscut,747.63,12,12
backjump,450000,drums_tide,741.51,12,12
backjump,450000,drums_dropout,718.98,12,12
backjump,450000,drums_breath,731.81,12,12
backjump,450000,drums_pulse,738.14,12,12
backjump,450000,drums_zigzag,734.86,12,12
backjump,475000,drums_signature,708.42,12,12
backjump,475000,drums_pendulum,567.1,12,12
backjump,475000,drums_crescendo,639.97,12,12
backjump,475000,dense_sprint,695.24,12,12
backjump,475000,syncopated_switchback,657.75,12,12
backjump,475000,opening_burst,666.82,12,12
backjump,475000,grain_staircase,763.9,12,12
backjump,475000,rhythm_ladder,641.98,12,12
backjump,475000,cold_start,620.07,12,12
backjump,475000,mini_burst,676.64,12,12
backjump,475000,tiny_dance,569,12,12
backjump,475000,solo_run,730.55,12,12
backjump,475000,verse_chorus,751.01,12,12
backjump,475000,drums_swell,715.56,12,12
backjump,475000,drums_crosscut,747.8,12,12
backjump,475000,drums_tide,741.04,12,12
backjump,475000,drums_dropout,721.14,12,12
backjump,475000,drums_breath,732.67,12,12
backjump,475000,drums_pulse,738.41,12,12
backjump,475000,drums_zigzag,734.01,12,12
backjump,500000,drums_signature,707.51,12,12
backjump,500000,drums_pendulum,566.79,12,12
backjump,500000,drums_crescendo,639.92,12,12
backjump,500000,dense_sprint,695.52,12,12
backjump,500000,syncopated_switchback,659.88,12,12
backjump,500000,opening_burst,665.54,12,12
backjump,500000,grain_staircase,764.52,12,12
backjump,500000,rhythm_ladder,639.59,12,12
backjump,500000,cold_start,619.88,12,12
backjump,500000,mini_burst,676.79,12,12
backjump,500000,tiny_dance,569,12,12
backjump,500000,solo_run,735.09,12,12
backjump,500000,verse_chorus,751.46,12,12
backjump,500000,drums_swell,715.55,12,12
backjump,500000,drums_crosscut,748.96,12,12
backjump,500000,drums_tide,741.09,12,12
backjump,500000,drums_dropout,722.46,12,12
backjump,500000,drums_breath,732.06,12,12
backjump,500000,drums_pulse,739.21,12,12
backjump,500000,drums_zigzag,734.42,12,12
bestjump_w1,25000,drums_signature,13.33,5,12
bestjump_w1,25000,drums_pendulum,0,0,12
bestjump_w1,25000,drums_crescendo,0,0,12
bestjump_w1,25000,dense_sprint,337.65,11,12
bestjump_w1,25000,syncopated_switchback,468.73,12,12
bestjump_w1,25000,opening_burst,586.05,12,12
bestjump_w1,25000,grain_staircase,647.62,12,12
bestjump_w1,25000,rhythm_ladder,12.72,5,12
bestjump_w1,25000,cold_start,561.16,12,12
bestjump_w1,25000,mini_burst,612.72,12,12
bestjump_w1,25000,tiny_dance,533.31,12,12
bestjump_w1,25000,solo_run,0,0,12
bestjump_w1,25000,verse_chorus,326.68,11,12
bestjump_w1,25000,drums_swell,186.34,9,12
bestjump_w1,25000,drums_crosscut,625.3,12,12
bestjump_w1,25000,drums_tide,360.52,11,12
bestjump_w1,25000,drums_dropout,207.87,10,12
bestjump_w1,25000,drums_breath,585.13,12,12
bestjump_w1,25000,drums_pulse,631.17,12,12
bestjump_w1,25000,drums_zigzag,597.38,12,12
bestjump_w1,50000,drums_signature,628.05,12,12
bestjump_w1,50000,drums_pendulum,0.69,1,12
bestjump_w1,50000,drums_crescendo,7.12,4,12
bestjump_w1,50000,dense_sprint,604.26,12,12
bestjump_w1,50000,syncopated_switchback,592.64,12,12
bestjump_w1,50000,opening_burst,596.6,12,12
bestjump_w1,50000,grain_staircase,673.68,12,12
bestjump_w1,50000,rhythm_ladder,543.24,12,12
bestjump_w1,50000,cold_start,565.26,12,12
bestjump_w1,50000,mini_burst,625.28,12,12
bestjump_w1,50000,tiny_dance,543.12,12,12
bestjump_w1,50000,solo_run,1.98,2,12
bestjump_w1,50000,verse_chorus,673.36,12,12
bestjump_w1,50000,drums_swell,640.04,12,12
bestjump_w1,50000,drums_crosscut,668.14,12,12
bestjump_w1,50000,drums_tide,651.28,12,12
bestjump_w1,50000,drums_dropout,638.89,12,12
bestjump_w1,50000,drums_breath,640.78,12,12
bestjump_w1,50000,drums_pulse,672.58,12,12
bestjump_w1,50000,drums_zigzag,648.02,12,12
bestjump_w1,75000,drums_signature,641.34,12,12
bestjump_w1,75000,drums_pendulum,303.46,11,12
bestjump_w1,75000,drums_crescendo,40.75,7,12
bestjump_w1,75000,dense_sprint,646.26,12,12
bestjump_w1,75000,syncopated_switchback,639.14,12,12
bestjump_w1,75000,opening_burst,640.34,12,12
bestjump_w1,75000,grain_staircase,743.42,12,12
bestjump_w1,75000,rhythm_ladder,600.57,12,12
bestjump_w1,75000,cold_start,601.5,12,12
bestjump_w1,75000,mini_burst,657.79,12,12
bestjump_w1,75000,tiny_dance,551.67,12,12
bestjump_w1,75000,solo_run,230.12,10,12
bestjump_w1,75000,verse_chorus,731.67,12,12
bestjump_w1,75000,drums_swell,687.59,12,12
bestjump_w1,75000,drums_crosscut,736.41,12,12
bestjump_w1,75000,drums_tide,716.49,12,12
bestjump_w1,75000,drums_dropout,700.9,12,12
bestjump_w1,75000,drums_breath,704.05,12,12
bestjump_w1,75000,drums_pulse,726.57,12,12
bestjump_w1,75000,drums_zigzag,702.85,12,12
bestjump_w1,100000,drums_signature,673.28,12,12
bestjump_w1,100000,drums_pendulum,320.12,11,12
bestjump_w1,100000,drums_crescendo,120.85,9,12
bestjump_w1,100000,dense_sprint,656.49,12,12
bestjump_w1,100000,syncopated_switchback,618.51,12,12
bestjump_w1,100000,opening_burst,633.2,12,12
bestjump_w1,100000,grain_staircase,738.4,12,12
bestjump_w1,100000,rhythm_ladder,606.1,12,12
bestjump_w1,100000,cold_start,604.05,12,12
bestjump_w1,100000,mini_burst,654.82,12,12
bestjump_w1,100000,tiny_dance,552.6,12,12
bestjump_w1,100000,solo_run,700.3,12,12
bestjump_w1,100000,verse_chorus,736.45,12,12
bestjump_w1,100000,drums_swell,693.55,12,12
bestjump_w1,100000,drums_crosscut,739.45,12,12
bestjump_w1,100000,drums_tide,726.52,12,12
bestjump_w1,100000,drums_dropout,697.63,12,12
bestjump_w1,100000,drums_breath,714.59,12,12
bestjump_w1,100000,drums_pulse,726.7,12,12
bestjump_w1,100000,drums_zigzag,718.86,12,12
bestjump_w1,125000,drums_signature,678,12,12
bestjump_w1,125000,drums_pendulum,536.86,12,12
bestjump_w1,125000,drums_crescendo,359.02,11,12
bestjump_w1,125000,dense_sprint,656.42,12,12
bestjump_w1,125000,syncopated_switchback,619.3,12,12
bestjump_w1,125000,opening_burst,633.99,12,12
bestjump_w1,125000,grain_staircase,739.38,12,12
bestjump_w1,125000,rhythm_ladder,615.3,12,12
bestjump_w1,125000,cold_start,603.59,12,12
bestjump_w1,125000,mini_burst,655.04,12,12
bestjump_w1,125000,tiny_dance,557.39,12,12
bestjump_w1,125000,solo_run,438.08,11,12
bestjump_w1,125000,verse_chorus,740.95,12,12
bestjump_w1,125000,drums_swell,698.06,12,12
bestjump_w1,125000,drums_crosscut,739.63,12,12
bestjump_w1,125000,drums_tide,725.02,12,12
bestjump_w1,125000,drums_dropout,707.24,12,12
bestjump_w1,125000,drums_breath,719.67,12,12
bestjump_w1,125000,drums_pulse,727.25,12,12
bestjump_w1,125000,drums_zigzag,719.86,12,12
bestjump_w1,150000,drums_signature,685.11,12,12
bestjump_w1,150000,drums_pendulum,542.63,12,12
bestjump_w1,150000,drums_crescendo,361.25,11,12
bestjump_w1,150000,dense_sprint,664.91,12,12
bestjump_w1,150000,syncopated_switchback,638.5,12,12
bestjump_w1,150000,opening_burst,648.91,12,12
bestjump_w1,150000,grain_staircase,747.65,12,12
bestjump_w1,150000,rhythm_ladder,626.43,12,12
bestjump_w1,150000,cold_start,611.83,12,12
bestjump_w1,150000,mini_burst,664.82,12,12
bestjump_w1,150000,tiny_dance,564.89,12,12
bestjump_w1,150000,solo_run,710.79,12,12
bestjump_w1,150000,verse_chorus,744.36,12,12
bestjump_w1,150000,drums_swell,702.02,12,12
bestjump_w1,150000,drums_crosscut,742.01,12,12
bestjump_w1,150000,drums_tide,728.69,12,12
bestjump_w1,150000,drums_dropout,709.62,12,12
bestjump_w1,150000,drums_breath,720.62,12,12
bestjump_w1,150000,drums_pulse,730.22,12,12
bestjump_w1,150000,drums_zigzag,719.97,12,12
bestjump_w1,175000,drums_signature,692.47,12,12
bestjump_w1,175000,drums_pendulum,541.85,12,12
bestjump_w1,175000,drums_crescendo,363.96,11,12
bestjump_w1,175000,dense_sprint,669.5,12,12
bestjump_w1,175000,syncopated_switchback,646.43,12,12
bestjump_w1,175000,opening_burst,649.53,12,12
bestjump_w1,175000,grain_staircase,754.32,12,12
bestjump_w1,175000,rhythm_ladder,624.33,12,12
bestjump_w1,175000,cold_start,612.6,12,12
bestjump_w1,175000,mini_burst,667.84,12,12
bestjump_w1,175000,tiny_dance,567.58,12,12
bestjump_w1,175000,solo_run,710.51,12,12
bestjump_w1,175000,verse_chorus,743.6,12,12
bestjump_w1,175000,drums_swell,701.48,12,12
bestjump_w1,175000,drums_crosscut,744.17,12,12
bestjump_w1,175000,drums_tide,733.48,12,12
bestjump_w1,175000,drums_dropout,712.16,12,12
bestjump_w1,175000,drums_breath,720.01,12,12
bestjump_w1,175000,drums_pulse,732.85,12,12
bestjump_w1,175000,drums_zigzag,722.76,12,12
bestjump_w1,200000,drums_signature,696.85,12,12
bestjump_w1,200000,drums_pendulum,543.37,12,12
bestjump_w1,200000,drums_crescendo,368.06,11,12
bestjump_w1,200000,dense_sprint,674.94,12,12
bestjump_w1,200000,syncopated_switchback,647.29,12,12
bestjump_w1,200000,opening_burst,656.25,12,12
bestjump_w1,200000,grain_staircase,750.39,12,12
bestjump_w1,200000,rhythm_ladder,625.22,12,12
bestjump_w1,200000,cold_start,612.46,12,12
bestjump_w1,200000,mini_burst,669.13,12,12
bestjump_w1,200000,tiny_dance,567.81,12,12
bestjump_w1,200000,solo_run,712.25,12,12
bestjump_w1,200000,verse_chorus,745.32,12,12
bestjump_w1,200000,drums_swell,707.82,12,12
bestjump_w1,200000,drums_crosscut,746.11,12,12
bestjump_w1,200000,drums_tide,734.32,12,12
bestjump_w1,200000,drums_dropout,714.01,12,12
bestjump_w1,200000,drums_breath,723.01,12,12
bestjump_w1,200000,drums_pulse,733.28,12,12
bestjump_w1,200000,drums_zigzag,726.63,12,12
bestjump_w1,225000,drums_signature,697.35,12,12
bestjump_w1,225000,drums_pendulum,550.63,12,12
bestjump_w1,225000,drums_crescendo,630.1,12,12
bestjump_w1,225000,dense_sprint,678.37,12,12
bestjump_w1,225000,syncopated_switchback,651.2,12,12
bestjump_w1,225000,opening_burst,657.08,12,12
bestjump_w1,225000,grain_staircase,755.97,12,12
bestjump_w1,225000,rhythm_ladder,626.28,12,12
bestjump_w1,225000,cold_start,615.96,12,12
bestjump_w1,225000,mini_burst,670.03,12,12
bestjump_w1,225000,tiny_dance,568.49,12,12
bestjump_w1,225000,solo_run,719.86,12,12
bestjump_w1,225000,verse_chorus,746.56,12,12
bestjump_w1,225000,drums_swell,707.98,12,12
bestjump_w1,225000,drums_crosscut,745.98,12,12
bestjump_w1,225000,drums_tide,735.2,12,12
bestjump_w1,225000,drums_dropout,713.58,12,12
bestjump_w1,225000,drums_breath,724.54,12,12
bestjump_w1,225000,drums_pulse,734.16,12,12
bestjump_w1,225000,drums_zigzag,728.32,12,12
bestjump_w1,250000,drums_signature,702.19,12,12
bestjump_w1,250000,drums_pendulum,552.98,12,12
bestjump_w1,250000,drums_crescendo,630.87,12,12
bestjump_w1,250000,dense_sprint,678.18,12,12
bestjump_w1,250000,syncopated_switchback,650.81,12,12
bestjump_w1,250000,opening_burst,659.59,12,12
bestjump_w1,250000,grain_staircase,757.83,12,12
bestjump_w1,250000,rhythm_ladder,631.51,12,12
bestjump_w1,250000,cold_start,614.84,12,12
bestjump_w1,250000,mini_burst,670.97,12,12
bestjump_w1,250000,tiny_dance,568.49,12,12
bestjump_w1,250000,solo_run,720.09,12,12
bestjump_w1,250000,verse_chorus,747.84,12,12
bestjump_w1,250000,drums_swell,709.59,12,12
bestjump_w1,250000,drums_crosscut,746.24,12,12
bestjump_w1,250000,drums_tide,736.79,12,12
bestjump_w1,250000,drums_dropout,714.45,12,12
bestjump_w1,250000,drums_breath,725.72,12,12
bestjump_w1,250000,drums_pulse,735.57,12,12
bestjump_w1,250000,drums_zigzag,727.76,12,12
bestjump_w1,275000,drums_signature,703.56,12,12
bestjump_w1,275000,drums_pendulum,558.15,12,12
bestjump_w1,275000,drums_crescendo,629.01,12,12
bestjump_w1,275000,dense_sprint,683.46,12,12
bestjump_w1,275000,syncopated_switchback,654.14,12,12
bestjump_w1,275000,opening_burst,662.07,12,12
bestjump_w1,275000,grain_staircase,759.44,12,12
bestjump_w1,275000,rhythm_ladder,629.14,12,12
bestjump_w1,275000,cold_start,617.48,12,12
bestjump_w1,275000,mini_burst,671.11,12,12
bestjump_w1,275000,tiny_dance,568.95,12,12
bestjump_w1,275000,solo_run,719.78,12,12
bestjump_w1,275000,verse_chorus,747.2,12,12
bestjump_w1,275000,drums_swell,711.93,12,12
bestjump_w1,275000,drums_crosscut,747.25,12,12
bestjump_w1,275000,drums_tide,736.29,12,12
bestjump_w1,275000,drums_dropout,714.78,12,12
bestjump_w1,275000,drums_breath,727.8,12,12
bestjump_w1,275000,drums_pulse,734.62,12,12
bestjump_w1,275000,drums_zigzag,727.57,12,12
bestjump_w1,300000,drums_signature,704.47,12,12
bestjump_w1,300000,drums_pendulum,557.38,12,12
bestjump_w1,300000,drums_crescendo,631.25,12,12
bestjump_w1,300000,dense_sprint,683.2,12,12
bestjump_w1,300000,syncopated_switchback,653.53,12,12
bestjump_w1,300000,opening_burst,664.32,12,12
bestjump_w1,300000,grain_staircase,761.09,12,12
bestjump_w1,300000,rhythm_ladder,630.12,12,12
bestjump_w1,300000,cold_start,617.25,12,12
bestjump_w1,300000,mini_burst,671.99,12,12
bestjump_w1,300000,tiny_dance,568.98,12,12
bestjump_w1,300000,solo_run,719.8,12,12
bestjump_w1,300000,verse_chorus,747.87,12,12
bestjump_w1,300000,drums_swell,712.26,12,12
bestjump_w1,300000,drums_crosscut,746.42,12,12
bestjump_w1,300000,drums_tide,736.25,12,12
bestjump_w1,300000,drums_dropout,716.39,12,12
bestjump_w1,300000,drums_breath,730.41,12,12
bestjump_w1,300000,drums_pulse,734.14,12,12
bestjump_w1,300000,drums_zigzag,729.11,12,12
bestjump_w1,325000,drums_signature,704.61,12,12
bestjump_w1,325000,drums_pendulum,557.84,12,12
bestjump_w1,325000,drums_crescendo,633.08,12,12
bestjump_w1,325000,dense_sprint,684.37,12,12
bestjump_w1,325000,syncopated_switchback,654.16,12,12
bestjump_w1,325000,opening_burst,665.62,12,12
bestjump_w1,325000,grain_staircase,760.94,12,12
bestjump_w1,325000,rhythm_ladder,630.9,12,12
bestjump_w1,325000,cold_start,617.21,12,12
bestjump_w1,325000,mini_burst,673.2,12,12
bestjump_w1,325000,tiny_dance,569,12,12
bestjump_w1,325000,solo_run,725.03,12,12
bestjump_w1,325000,verse_chorus,749.31,12,12
bestjump_w1,325000,drums_swell,714.41,12,12
bestjump_w1,325000,drums_crosscut,747.2,12,12
bestjump_w1,325000,drums_tide,737.01,12,12
bestjump_w1,325000,drums_dropout,715.59,12,12
bestjump_w1,325000,drums_breath,731.99,12,12
bestjump_w1,325000,drums_pulse,734.76,12,12
bestjump_w1,325000,drums_zigzag,729.82,12,12
bestjump_w1,350000,drums_signature,705.71,12,12
bestjump_w1,350000,drums_pendulum,557.22,12,12
bestjump_w1,350000,drums_crescendo,636.51,12,12
bestjump_w1,350000,dense_sprint,684.49,12,12
bestjump_w1,350000,syncopated_switchback,652.82,12,12
bestjump_w1,350000,opening_burst,666.65,12,12
bestjump_w1,350000,grain_staircase,762.68,12,12
bestjump_w1,350000,rhythm_ladder,633.39,12,12
bestjump_w1,350000,cold_start,619.48,12,12
bestjump_w1,350000,mini_burst,673.7,12,12
bestjump_w1,350000,tiny_dance,569,12,12
bestjump_w1,350000,solo_run,725,12,12
bestjump_w1,350000,verse_chorus,748.74,12,12
bestjump_w1,350000,drums_swell,713.25,12,12
bestjump_w1,350000,drums_crosscut,745.88,12,12
bestjump_w1,350000,drums_tide,738.49,12,12
bestjump_w1,350000,drums_dropout,716.02,12,12
bestjump_w1,350000,drums_breath,731.25,12,12
bestjump_w1,350000,drums_pulse,735.03,12,12
bestjump_w1,350000,drums_zigzag,730.48,12,12
bestjump_w1,375000,drums_signature,705.21,12,12
bestjump_w1,375000,drums_pendulum,559.64,12,12
bestjump_w1,375000,drums_crescendo,635.53,12,12
bestjump_w1,375000,dense_sprint,684.83,12,12
bestjump_w1,375000,syncopated_switchback,655.85,12,12
bestjump_w1,375000,opening_burst,664.95,12,12
bestjump_w1,375000,grain_staircase,763.2,12,12
bestjump_w1,375000,rhythm_ladder,632.75,12,12
bestjump_w1,375000,cold_start,619.45,12,12
bestjump_w1,375000,mini_burst,674.28,12,12
bestjump_w1,375000,tiny_dance,569,12,12
bestjump_w1,375000,solo_run,727.91,12,12
bestjump_w1,375000,verse_chorus,749.41,12,12
bestjump_w1,375000,drums_swell,713.89,12,12
bestjump_w1,375000,drums_crosscut,746.43,12,12
bestjump_w1,375000,drums_tide,739.73,12,12
bestjump_w1,375000,drums_dropout,717.22,12,12
bestjump_w1,375000,drums_breath,731.68,12,12
bestjump_w1,375000,drums_pulse,736.19,12,12
bestjump_w1,375000,drums_zigzag,732.44,12,12
bestjump_w1,400000,drums_signature,706.77,12,12
bestjump_w1,400000,drums_pendulum,560.04,12,12
bestjump_w1,400000,drums_crescendo,636.05,12,12
bestjump_w1,400000,dense_sprint,685.2,12,12
bestjump_w1,400000,syncopated_switchback,657.51,12,12
bestjump_w1,400000,opening_burst,664.58,12,12
bestjump_w1,400000,grain_staircase,763.93,12,12
bestjump_w1,400000,rhythm_ladder,633.44,12,12
bestjump_w1,400000,cold_start,619.78,12,12
bestjump_w1,400000,mini_burst,674.88,12,12
bestjump_w1,400000,tiny_dance,569,12,12
bestjump_w1,400000,solo_run,726.97,12,12
bestjump_w1,400000,verse_chorus,749.64,12,12
bestjump_w1,400000,drums_swell,714.57,12,12
bestjump_w1,400000,drums_crosscut,748.02,12,12
bestjump_w1,400000,drums_tide,739.87,12,12
bestjump_w1,400000,drums_dropout,718.11,12,12
bestjump_w1,400000,drums_breath,731.22,12,12
bestjump_w1,400000,drums_pulse,737.4,12,12
bestjump_w1,400000,drums_zigzag,733.63,12,12
bestjump_w1,425000,drums_signature,707.82,12,12
bestjump_w1,425000,drums_pendulum,560.38,12,12
bestjump_w1,425000,drums_crescendo,635.99,12,12
bestjump_w1,425000,dense_sprint,685.97,12,12
bestjump_w1,425000,syncopated_switchback,658.32,12,12
bestjump_w1,425000,opening_burst,665,12,12
bestjump_w1,425000,grain_staircase,763.79,12,12
bestjump_w1,425000,rhythm_ladder,634.39,12,12
bestjump_w1,425000,cold_start,619.85,12,12
bestjump_w1,425000,mini_burst,675.71,12,12
bestjump_w1,425000,tiny_dance,569,12,12
bestjump_w1,425000,solo_run,726.41,12,12
bestjump_w1,425000,verse_chorus,749.84,12,12
bestjump_w1,425000,drums_swell,714.19,12,12
bestjump_w1,425000,drums_crosscut,747.43,12,12
bestjump_w1,425000,drums_tide,741.2,12,12
bestjump_w1,425000,drums_dropout,718.64,12,12
bestjump_w1,425000,drums_breath,731.97,12,12
bestjump_w1,425000,drums_pulse,737.96,12,12
bestjump_w1,425000,drums_zigzag,735.03,12,12
bestjump_w1,450000,drums_signature,709.17,12,12
bestjump_w1,450000,drums_pendulum,560.85,12,12
bestjump_w1,450000,drums_crescendo,637.6,12,12
bestjump_w1,450000,dense_sprint,685.88,12,12
bestjump_w1,450000,syncopated_switchback,658.86,12,12
bestjump_w1,450000,opening_burst,665.49,12,12
bestjump_w1,450000,grain_staircase,763.76,12,12
bestjump_w1,450000,rhythm_ladder,635.21,12,12
bestjump_w1,450000,cold_start,620,12,12
bestjump_w1,450000,mini_burst,675.75,12,12
bestjump_w1,450000,tiny_dance,569,12,12
bestjump_w1,450000,solo_run,729.49,12,12
bestjump_w1,450000,verse_chorus,749.69,12,12
bestjump_w1,450000,drums_swell,715.8,12,12
bestjump_w1,450000,drums_crosscut,747.63,12,12
bestjump_w1,450000,drums_tide,741.51,12,12
bestjump_w1,450000,drums_dropout,719.04,12,12
bestjump_w1,450000,drums_breath,731.81,12,12
bestjump_w1,450000,drums_pulse,738.14,12,12
bestjump_w1,450000,drums_zigzag,734.86,12,12
bestjump_w1,475000,drums_signature,709.36,12,12
bestjump_w1,475000,drums_pendulum,560.52,12,12
bestjump_w1,475000,drums_crescendo,636.91,12,12
bestjump_w1,475000,dense_sprint,688.16,12,12
bestjump_w1,475000,syncopated_switchback,659,12,12
bestjump_w1,475000,opening_burst,666.7,12,12
bestjump_w1,475000,grain_staircase,764.11,12,12
bestjump_w1,475000,rhythm_ladder,635.59,12,12
bestjump_w1,475000,cold_start,620.07,12,12
bestjump_w1,475000,mini_burst,676.64,12,12
bestjump_w1,475000,tiny_dance,569,12,12
bestjump_w1,475000,solo_run,729.79,12,12
bestjump_w1,475000,verse_chorus,751.01,12,12
bestjump_w1,475000,drums_swell,715.49,12,12
bestjump_w1,475000,drums_crosscut,747.8,12,12
bestjump_w1,475000,drums_tide,740.93,12,12
bestjump_w1,475000,drums_dropout,721.03,12,12
bestjump_w1,475000,drums_breath,732.67,12,12
bestjump_w1,475000,drums_pulse,738.41,12,12
bestjump_w1,475000,drums_zigzag,734.01,12,12
bestjump_w1,500000,drums_signature,710.4,12,12
bestjump_w1,500000,drums_pendulum,561.21,12,12
bestjump_w1,500000,drums_crescendo,637.83,12,12
bestjump_w1,500000,dense_sprint,687.54,12,12
bestjump_w1,500000,syncopated_switchback,661.07,12,12
bestjump_w1,500000,opening_burst,666.53,12,12
bestjump_w1,500000,grain_staircase,764.56,12,12
bestjump_w1,500000,rhythm_ladder,635.31,12,12
bestjump_w1,500000,cold_start,619.88,12,12
bestjump_w1,500000,mini_burst,676.79,12,12
bestjump_w1,500000,tiny_dance,569,12,12
bestjump_w1,500000,solo_run,730.56,12,12
bestjump_w1,500000,verse_chorus,751.46,12,12
bestjump_w1,500000,drums_swell,715.55,12,12
bestjump_w1,500000,drums_crosscut,748.96,12,12
bestjump_w1,500000,drums_tide,740.96,12,12
bestjump_w1,500000,drums_dropout,721.45,12,12
bestjump_w1,500000,drums_breath,732.06,12,12
bestjump_w1,500000,drums_pulse,739.21,12,12
bestjump_w1,500000,drums_zigzag,734.42,12,12
bestjump_w2,25000,drums_signature,3.91,3,12
bestjump_w2,25000,drums_pendulum,0,0,12
bestjump_w2,25000,drums_crescendo,0.69,1,12
bestjump_w2,25000,dense_sprint,571.89,12,12
bestjump_w2,25000,syncopated_switchback,468.73,12,12
bestjump_w2,25000,opening_burst,586.65,12,12
bestjump_w2,25000,grain_staircase,645.56,12,12
bestjump_w2,25000,rhythm_ladder,7.12,4,12
bestjump_w2,25000,cold_start,561.16,12,12
bestjump_w2,25000,mini_burst,614.03,12,12
bestjump_w2,25000,tiny_dance,533.31,12,12
bestjump_w2,25000,solo_run,0,0,12
bestjump_w2,25000,verse_chorus,326.68,11,12
bestjump_w2,25000,drums_swell,344.25,11,12
bestjump_w2,25000,drums_crosscut,618.6,12,12
bestjump_w2,25000,drums_tide,362.67,11,12
bestjump_w2,25000,drums_dropout,207.18,10,12
bestjump_w2,25000,drums_breath,591.24,12,12
bestjump_w2,25000,drums_pulse,627.27,12,12
bestjump_w2,25000,drums_zigzag,598.43,12,12
bestjump_w2,50000,drums_signature,214.44,10,12
bestjump_w2,50000,drums_pendulum,0.69,1,12
bestjump_w2,50000,drums_crescendo,22.06,6,12
bestjump_w2,50000,dense_sprint,604.35,12,12
bestjump_w2,50000,syncopated_switchback,578.56,12,12
bestjump_w2,50000,opening_burst,602.79,12,12
bestjump_w2,50000,grain_staircase,670.37,12,12
bestjump_w2,50000,rhythm_ladder,322.73,11,12
bestjump_w2,50000,cold_start,565.87,12,12
bestjump_w2,50000,mini_burst,624.13,12,12
bestjump_w2,50000,tiny_dance,543.12,12,12
bestjump_w2,50000,solo_run,13.84,5,12
bestjump_w2,50000,verse_chorus,673.66,12,12
bestjump_w2,50000,drums_swell,641.24,12,12
bestjump_w2,50000,drums_crosscut,670.75,12,12
bestjump_w2,50000,drums_tide,661.72,12,12
bestjump_w2,50000,drums_dropout,638.22,12,12
bestjump_w2,50000,drums_breath,644.18,12,12
bestjump_w2,50000,drums_pulse,669.43,12,12
bestjump_w2,50000,drums_zigzag,652.45,12,12
bestjump_w2,75000,drums_signature,646.37,12,12
bestjump_w2,75000,drums_pendulum,303.46,11,12
bestjump_w2,75000,drums_crescendo,40.75,7,12
bestjump_w2,75000,dense_sprint,646.26,12,12
bestjump_w2,75000,syncopated_switchback,639.14,12,12
bestjump_w2,75000,opening_burst,641.34,12,12
bestjump_w2,75000,grain_staircase,743.42,12,12
bestjump_w2,75000,rhythm_ladder,606.28,12,12
bestjump_w2,75000,cold_start,601.5,12,12
bestjump_w2,75000,mini_burst,657.79,12,12
bestjump_w2,75000,tiny_dance,551.67,12,12
bestjump_w2,75000,solo_run,392.79,11,12
bestjump_w2,75000,verse_chorus,731.67,12,12
bestjump_w2,75000,drums_swell,687.59,12,12
bestjump_w2,75000,drums_crosscut,736.41,12,12
bestjump_w2,75000,drums_tide,719.1,12,12
bestjump_w2,75000,drums_dropout,700.9,12,12
bestjump_w2,75000,drums_breath,704.05,12,12
bestjump_w2,75000,drums_pulse,726.57,12,12
bestjump_w2,75000,drums_zigzag,702.85,12,12
bestjump_w2,100000,drums_signature,676.36,12,12
bestjump_w2,100000,drums_pendulum,321.15,11,12
bestjump_w2,100000,drums_crescendo,121.36,9,12
bestjump_w2,100000,dense_sprint,656.49,12,12
bestjump_w2,100000,syncopated_switchback,618.51,12,12
bestjump_w2,100000,opening_burst,633.2,12,12
bestjump_w2,100000,grain_staircase,738.4,12,12
bestjump_w2,100000,rhythm_ladder,606.79,12,12
bestjump_w2,100000,cold_start,604.05,12,12
bestjump_w2,100000,mini_burst,654.82,12,12
bestjump_w2,100000,tiny_dance,552.6,12,12
bestjump_w2,100000,solo_run,697.18,12,12
bestjump_w2,100000,verse_chorus,736.45,12,12
bestjump_w2,100000,drums_swell,690.25,12,12
bestjump_w2,100000,drums_crosscut,739.48,12,12
bestjump_w2,100000,drums_tide,726.52,12,12
bestjump_w2,100000,drums_dropout,697.63,12,12
bestjump_w2,100000,drums_breath,714.59,12,12
bestjump_w2,100000,drums_pulse,726.7,12,12
bestjump_w2,100000,drums_zigzag,718.86,12,12
bestjump_w2,125000,drums_signature,679.69,12,12
bestjump_w2,125000,drums_pendulum,538.59,12,12
bestjump_w2,125000,drums_crescendo,360.54,11,12
bestjump_w2,125000,dense_sprint,656.42,12,12
bestjump_w2,125000,syncopated_switchback,619.3,12,12
bestjump_w2,125000,opening_burst,633.99,12,12
bestjump_w2,125000,grain_staircase,739.38,12,12
bestjump_w2,125000,rhythm_ladder,616.46,12,12
bestjump_w2,125000,cold_start,603.59,12,12
bestjump_w2,125000,mini_burst,655.04,12,12
bestjump_w2,125000,tiny_dance,557.39,12,12
bestjump_w2,125000,solo_run,695.27,12,12
bestjump_w2,125000,verse_chorus,740.95,12,12
bestjump_w2,125000,drums_swell,698.06,12,12
bestjump_w2,125000,drums_crosscut,739.63,12,12
bestjump_w2,125000,drums_tide,724.84,12,12
bestjump_w2,125000,drums_dropout,707.24,12,12
bestjump_w2,125000,drums_breath,719.67,12,12
bestjump_w2,125000,drums_pulse,727.25,12,12
bestjump_w2,125000,drums_zigzag,719.86,12,12
bestjump_w2,150000,drums_signature,685.11,12,12
bestjump_w2,150000,drums_pendulum,543.76,12,12
bestjump_w2,150000,drums_crescendo,363.15,11,12
bestjump_w2,150000,dense_sprint,664.78,12,12
bestjump_w2,150000,syncopated_switchback,638.5,12,12
bestjump_w2,150000,opening_burst,648.91,12,12
bestjump_w2,150000,grain_staircase,747.65,12,12
bestjump_w2,150000,rhythm_ladder,624.28,12,12
bestjump_w2,150000,cold_start,611.83,12,12
bestjump_w2,150000,mini_burst,664.82,12,12
bestjump_w2,150000,tiny_dance,564.89,12,12
bestjump_w2,150000,solo_run,706.47,12,12
bestjump_w2,150000,verse_chorus,744.36,12,12
bestjump_w2,150000,drums_swell,702.02,12,12
bestjump_w2,150000,drums_crosscut,742.01,12,12
bestjump_w2,150000,drums_tide,728.69,12,12
bestjump_w2,150000,drums_dropout,709.62,12,12
bestjump_w2,150000,drums_breath,720.62,12,12
bestjump_w2,150000,drums_pulse,730.22,12,12
bestjump_w2,150000,drums_zigzag,719.97,12,12
bestjump_w2,175000,drums_signature,692.47,12,12
bestjump_w2,175000,drums_pendulum,543.82,12,12
bestjump_w2,175000,drums_crescendo,363.96,11,12
bestjump_w2,175000,dense_sprint,669.41,12,12
bestjump_w2,175000,syncopated_switchback,646.43,12,12
bestjump_w2,175000,opening_burst,649.53,12,12
bestjump_w2,175000,grain_staircase,754.32,12,12
bestjump_w2,175000,rhythm_ladder,624.39,12,12
bestjump_w2,175000,cold_start,612.6,12,12
bestjump_w2,175000,mini_burst,667.84,12,12
bestjump_w2,175000,tiny_dance,567.58,12,12
bestjump_w2,175000,solo_run,705.88,12,12
bestjump_w2,175000,verse_chorus,743.6,12,12
bestjump_w2,175000,drums_swell,701.48,12,12
bestjump_w2,175000,drums_crosscut,744.17,12,12
bestjump_w2,175000,drums_tide,733.48,12,12
bestjump_w2,175000,drums_dropout,712.16,12,12
bestjump_w2,175000,drums_breath,720.01,12,12
bestjump_w2,175000,drums_pulse,732.85,12,12
bestjump_w2,175000,drums_zigzag,722.76,12,12
bestjump_w2,200000,drums_signature,696.85,12,12
bestjump_w2,200000,drums_pendulum,545.33,12,12
bestjump_w2,200000,drums_crescendo,368.1,11,12
bestjump_w2,200000,dense_sprint,678.6,12,12
bestjump_w2,200000,syncopated_switchback,647.29,12,12
bestjump_w2,200000,opening_burst,656.25,12,12
bestjump_w2,200000,grain_staircase,750.39,12,12
bestjump_w2,200000,rhythm_ladder,625.22,12,12
bestjump_w2,200000,cold_start,612.46,12,12
bestjump_w2,200000,mini_burst,669.13,12,12
bestjump_w2,200000,tiny_dance,567.81,12,12
bestjump_w2,200000,solo_run,718.6,12,12
bestjump_w2,200000,verse_chorus,745.32,12,12
bestjump_w2,200000,drums_swell,707.82,12,12
bestjump_w2,200000,drums_crosscut,746.11,12,12
bestjump_w2,200000,drums_tide,734.32,12,12
bestjump_w2,200000,drums_dropout,714.01,12,12
bestjump_w2,200000,drums_breath,723.01,12,12
bestjump_w2,200000,drums_pulse,733.28,12,12
bestjump_w2,200000,drums_zigzag,726.63,12,12
bestjump_w2,225000,drums_signature,697.35,12,12
bestjump_w2,225000,drums_pendulum,551.79,12,12
bestjump_w2,225000,drums_crescendo,630.1,12,12
bestjump_w2,225000,dense_sprint,678.21,12,12
bestjump_w2,225000,syncopated_switchback,651.2,12,12
bestjump_w2,225000,opening_burst,657.08,12,12
bestjump_w2,225000,grain_staircase,755.97,12,12
bestjump_w2,225000,rhythm_ladder,626.27,12,12
bestjump_w2,225000,cold_start,615.96,12,12
bestjump_w2,225000,mini_burst,670.03,12,12
bestjump_w2,225000,tiny_dance,568.49,12,12
bestjump_w2,225000,solo_run,720.61,12,12
bestjump_w2,225000,verse_chorus,746.56,12,12
bestjump_w2,225000,drums_swell,707.99,12,12
bestjump_w2,225000,drums_crosscut,745.98,12,12
bestjump_w2,225000,drums_tide,735.2,12,12
bestjump_w2,225000,drums_dropout,713.58,12,12
bestjump_w2,225000,drums_breath,724.54,12,12
bestjump_w2,225000,drums_pulse,734.16,12,12
bestjump_w2,225000,drums_zigzag,728.32,12,12
bestjump_w2,250000,drums_signature,702.19,12,12
bestjump_w2,250000,drums_pendulum,554,12,12
bestjump_w2,250000,drums_crescendo,630.76,12,12
bestjump_w2,250000,dense_sprint,677.84,12,12
bestjump_w2,250000,syncopated_switchback,650.81,12,12
bestjump_w2,250000,opening_burst,659.59,12,12
bestjump_w2,250000,grain_staircase,757.83,12,12
bestjump_w2,250000,rhythm_ladder,631.51,12,12
bestjump_w2,250000,cold_start,614.84,12,12
bestjump_w2,250000,mini_burst,670.97,12,12
bestjump_w2,250000,tiny_dance,568.49,12,12
bestjump_w2,250000,solo_run,720.21,12,12
bestjump_w2,250000,verse_chorus,747.84,12,12
bestjump_w2,250000,drums_swell,709.58,12,12
bestjump_w2,250000,drums_crosscut,746.24,12,12
bestjump_w2,250000,drums_tide,736.79,12,12
bestjump_w2,250000,drums_dropout,714.45,12,12
bestjump_w2,250000,drums_breath,725.72,12,12
bestjump_w2,250000,drums_pulse,735.57,12,12
bestjump_w2,250000,drums_zigzag,727.76,12,12
bestjump_w2,275000,drums_signature,703.56,12,12
bestjump_w2,275000,drums_pendulum,557.19,12,12
bestjump_w2,275000,drums_crescendo,629.01,12,12
bestjump_w2,275000,dense_sprint,683.45,12,12
bestjump_w2,275000,syncopated_switchback,654.14,12,12
bestjump_w2,275000,opening_burst,662.07,12,12
bestjump_w2,275000,grain_staircase,759.44,12,12
bestjump_w2,275000,rhythm_ladder,629.13,12,12
bestjump_w2,275000,cold_start,617.48,12,12
bestjump_w2,275000,mini_burst,671.11,12,12
bestjump_w2,275000,tiny_dance,568.95,12,12
bestjump_w2,275000,solo_run,718.54,12,12
bestjump_w2,275000,verse_chorus,747.2,12,12
bestjump_w2,275000,drums_swell,711.93,12,12
bestjump_w2,275000,drums_crosscut,747.25,12,12
bestjump_w2,275000,drums_tide,736.29,12,12
bestjump_w2,275000,drums_dropout,714.78,12,12
bestjump_w2,275000,drums_breath,727.8,12,12
bestjump_w2,275000,drums_pulse,734.62,12,12
bestjump_w2,275000,drums_zigzag,727.57,12,12
bestjump_w2,300000,drums_signature,704.47,12,12
bestjump_w2,300000,drums_pendulum,556.41,12,12
bestjump_w2,300000,drums_crescendo,631.25,12,12
bestjump_w2,300000,dense_sprint,684.12,12,12
bestjump_w2,300000,syncopated_switchback,653.53,12,12
bestjump_w2,300000,opening_burst,664.32,12,12
bestjump_w2,300000,grain_staircase,761.09,12,12
bestjump_w2,300000,rhythm_ladder,629.99,12,12
bestjump_w2,300000,cold_start,617.25,12,12
bestjump_w2,300000,mini_burst,671.99,12,12
bestjump_w2,300000,tiny_dance,568.98,12,12
bestjump_w2,300000,solo_run,719.79,12,12
bestjump_w2,300000,verse_chorus,747.87,12,12
bestjump_w2,300000,drums_swell,712.26,12,12
bestjump_w2,300000,drums_crosscut,746.42,12,12
bestjump_w2,300000,drums_tide,736.25,12,12
bestjump_w2,300000,drums_dropout,716.39,12,12
bestjump_w2,300000,drums_breath,730.41,12,12
bestjump_w2,300000,drums_pulse,734.14,12,12
bestjump_w2,300000,drums_zigzag,729.11,12,12
bestjump_w2,325000,drums_signature,704.61,12,12
bestjump_w2,325000,drums_pendulum,556.63,12,12
bestjump_w2,325000,drums_crescendo,631.33,12,12
bestjump_w2,325000,dense_sprint,684.44,12,12
bestjump_w2,325000,syncopated_switchback,654.16,12,12
bestjump_w2,325000,opening_burst,665.62,12,12
bestjump_w2,325000,grain_staircase,760.94,12,12
bestjump_w2,325000,rhythm_ladder,631.18,12,12
bestjump_w2,325000,cold_start,617.21,12,12
bestjump_w2,325000,mini_burst,673.2,12,12
bestjump_w2,325000,tiny_dance,569,12,12
bestjump_w2,325000,solo_run,724.96,12,12
bestjump_w2,325000,verse_chorus,749.31,12,12
bestjump_w2,325000,drums_swell,714.44,12,12
bestjump_w2,325000,drums_crosscut,747.2,12,12
bestjump_w2,325000,drums_tide,737.01,12,12
bestjump_w2,325000,drums_dropout,715.59,12,12
bestjump_w2,325000,drums_breath,731.99,12,12
bestjump_w2,325000,drums_pulse,734.76,12,12
bestjump_w2,325000,drums_zigzag,729.82,12,12
bestjump_w2,350000,drums_signature,705.71,12,12
bestjump_w2,350000,drums_pendulum,556.45,12,12
bestjump_w2,350000,drums_crescendo,636.51,12,12
bestjump_w2,350000,dense_sprint,684.62,12,12
bestjump_w2,350000,syncopated_switchback,652.82,12,12
bestjump_w2,350000,opening_burst,666.65,12,12
bestjump_w2,350000,grain_staircase,762.68,12,12
bestjump_w2,350000,rhythm_ladder,633.4,12,12
bestjump_w2,350000,cold_start,619.48,12,12
bestjump_w2,350000,mini_burst,673.7,12,12
bestjump_w2,350000,tiny_dance,569,12,12
bestjump_w2,350000,solo_run,725.14,12,12
bestjump_w2,350000,verse_chorus,748.74,12,12
bestjump_w2,350000,drums_swell,715.01,12,12
bestjump_w2,350000,drums_crosscut,745.88,12,12
bestjump_w2,350000,drums_tide,738.49,12,12
bestjump_w2,350000,drums_dropout,716.02,12,12
bestjump_w2,350000,drums_breath,731.25,12,12
bestjump_w2,350000,drums_pulse,735.03,12,12
bestjump_w2,350000,drums_zigzag,730.5,12,12
bestjump_w2,375000,drums_signature,705.21,12,12
bestjump_w2,375000,drums_pendulum,558.9,12,12
bestjump_w2,375000,drums_crescendo,635.45,12,12
bestjump_w2,375000,dense_sprint,684.82,12,12
bestjump_w2,375000,syncopated_switchback,655.85,12,12
bestjump_w2,375000,opening_burst,664.95,12,12
bestjump_w2,375000,grain_staircase,763.2,12,12
bestjump_w2,375000,rhythm_ladder,632.42,12,12
bestjump_w2,375000,cold_start,619.45,12,12
bestjump_w2,375000,mini_burst,674.28,12,12
bestjump_w2,375000,tiny_dance,569,12,12
bestjump_w2,375000,solo_run,727.33,12,12
bestjump_w2,375000,verse_chorus,749.41,12,12
bestjump_w2,375000,drums_swell,715.78,12,12
bestjump_w2,375000,drums_crosscut,746.43,12,12
bestjump_w2,375000,drums_tide,739.73,12,12
bestjump_w2,375000,drums_dropout,717.22,12,12
bestjump_w2,375000,drums_breath,731.68,12,12
bestjump_w2,375000,drums_pulse,736.19,12,12
bestjump_w2,375000,drums_zigzag,731.84,12,12
bestjump_w2,400000,drums_signature,706.77,12,12
bestjump_w2,400000,drums_pendulum,559.3,12,12
bestjump_w2,400000,drums_crescendo,636.05,12,12
bestjump_w2,400000,dense_sprint,685.31,12,12
bestjump_w2,400000,syncopated_switchback,657.51,12,12
bestjump_w2,400000,opening_burst,664.58,12,12
bestjump_w2,400000,grain_staircase,763.93,12,12
bestjump_w2,400000,rhythm_ladder,633.85,12,12
bestjump_w2,400000,cold_start,619.78,12,12
bestjump_w2,400000,mini_burst,674.88,12,12
bestjump_w2,400000,tiny_dance,569,12,12
bestjump_w2,400000,solo_run,727.33,12,12
bestjump_w2,400000,verse_chorus,749.64,12,12
bestjump_w2,400000,drums_swell,716.01,12,12
bestjump_w2,400000,drums_crosscut,748.02,12,12
bestjump_w2,400000,drums_tide,739.87,12,12
bestjump_w2,400000,drums_dropout,718.11,12,12
bestjump_w2,400000,drums_breath,731.22,12,12
bestjump_w2,400000,drums_pulse,737.4,12,12
bestjump_w2,400000,drums_zigzag,733.63,12,12
bestjump_w2,425000,drums_signature,707.82,12,12
bestjump_w2,425000,drums_pendulum,559.19,12,12
bestjump_w2,425000,drums_crescendo,635.99,12,12
bestjump_w2,425000,dense_sprint,686.08,12,12
bestjump_w2,425000,syncopated_switchback,658.32,12,12
bestjump_w2,425000,opening_burst,665,12,12
bestjump_w2,425000,grain_staircase,763.79,12,12
bestjump_w2,425000,rhythm_ladder,634.89,12,12
bestjump_w2,425000,cold_start,619.85,12,12
bestjump_w2,425000,mini_burst,675.71,12,12
bestjump_w2,425000,tiny_dance,569,12,12
bestjump_w2,425000,solo_run,726.19,12,12
bestjump_w2,425000,verse_chorus,749.84,12,12
bestjump_w2,425000,drums_swell,715.62,12,12
bestjump_w2,425000,drums_crosscut,747.43,12,12
bestjump_w2,425000,drums_tide,741.2,12,12
bestjump_w2,425000,drums_dropout,718.64,12,12
bestjump_w2,425000,drums_breath,731.97,12,12
bestjump_w2,425000,drums_pulse,737.96,12,12
bestjump_w2,425000,drums_zigzag,735.08,12,12
bestjump_w2,450000,drums_signature,709.17,12,12
bestjump_w2,450000,drums_pendulum,559.76,12,12
bestjump_w2,450000,drums_crescendo,637.6,12,12
bestjump_w2,450000,dense_sprint,685.88,12,12
bestjump_w2,450000,syncopated_switchback,658.86,12,12
bestjump_w2,450000,opening_burst,665.49,12,12
bestjump_w2,450000,grain_staircase,763.76,12,12
bestjump_w2,450000,rhythm_ladder,634.92,12,12
bestjump_w2,450000,cold_start,620,12,12
bestjump_w2,450000,mini_burst,675.75,12,12
bestjump_w2,450000,tiny_dance,569,12,12
bestjump_w2,450000,solo_run,729.56,12,12
bestjump_w2,450000,verse_chorus,749.69,12,12
bestjump_w2,450000,drums_swell,717.24,12,12
bestjump_w2,450000,drums_crosscut,747.63,12,12
bestjump_w2,450000,drums_tide,741.51,12,12
bestjump_w2,450000,drums_dropout,719.04,12,12
bestjump_w2,450000,drums_breath,731.81,12,12
bestjump_w2,450000,drums_pulse,738.14,12,12
bestjump_w2,450000,drums_zigzag,734.86,12,12
bestjump_w2,475000,drums_signature,709.36,12,12
bestjump_w2,475000,drums_pendulum,559.52,12,12
bestjump_w2,475000,drums_crescendo,636.7,12,12
bestjump_w2,475000,dense_sprint,688.3,12,12
bestjump_w2,475000,syncopated_switchback,659,12,12
bestjump_w2,475000,opening_burst,666.7,12,12
bestjump_w2,475000,grain_staircase,764.11,12,12
bestjump_w2,475000,rhythm_ladder,635.6,12,12
bestjump_w2,475000,cold_start,620.07,12,12
bestjump_w2,475000,mini_burst,676.64,12,12
bestjump_w2,475000,tiny_dance,569,12,12
bestjump_w2,475000,solo_run,730.48,12,12
bestjump_w2,475000,verse_chorus,751.01,12,12
bestjump_w2,475000,drums_swell,715.49,12,12
bestjump_w2,475000,drums_crosscut,747.8,12,12
bestjump_w2,475000,drums_tide,740.93,12,12
bestjump_w2,475000,drums_dropout,721.03,12,12
bestjump_w2,475000,drums_breath,732.67,12,12
bestjump_w2,475000,drums_pulse,738.41,12,12
bestjump_w2,475000,drums_zigzag,734.01,12,12
bestjump_w2,500000,drums_signature,710.4,12,12
bestjump_w2,500000,drums_pendulum,561.73,12,12
bestjump_w2,500000,drums_crescendo,637.89,12,12
bestjump_w2,500000,dense_sprint,687.56,12,12
bestjump_w2,500000,syncopated_switchback,661.07,12,12
bestjump_w2,500000,opening_burst,666.53,12,12
bestjump_w2,500000,grain_staircase,764.56,12,12
bestjump_w2,500000,rhythm_ladder,635.58,12,12
bestjump_w2,500000,cold_start,619.88,12,12
bestjump_w2,500000,mini_burst,676.79,12,12
bestjump_w2,500000,tiny_dance,569,12,12
bestjump_w2,500000,solo_run,730.98,12,12
bestjump_w2,500000,verse_chorus,751.46,12,12
bestjump_w2,500000,drums_swell,715.55,12,12
bestjump_w2,500000,drums_crosscut,748.96,12,12
bestjump_w2,500000,drums_tide,740.96,12,12
bestjump_w2,500000,drums_dropout,721.45,12,12
bestjump_w2,500000,drums_breath,732.06,12,12
bestjump_w2,500000,drums_pulse,739.21,12,12
bestjump_w2,500000,drums_zigzag,734.42,12,12
